{
  "config": {
    "train_file": "data/processed/sentiment_train.csv",
    "validation_file": "data/processed/sentiment_validation.csv",
    "test_file": "data/processed/sentiment_test.csv",
    "text_column": "clean_review_text",
    "label_column": "sentiment_target",
    "model_name": "bert-base-uncased",
    "output_dir": "models/bert_sentiment",
    "max_length": 256,
    "num_train_epochs": 2.0,
    "train_batch_size": 8,
    "eval_batch_size": 16,
    "learning_rate": 2e-05,
    "weight_decay": 0.01,
    "warmup_ratio": 0.1,
    "seed": 42,
    "resume_from_checkpoint": "models/bert_sentiment/checkpoint-319"
  },
  "dataset_sizes": {
    "train": 2548,
    "validation": 818,
    "test": 798
  },
  "train": {
    "train_runtime": 8477.8859,
    "train_samples_per_second": 0.601,
    "train_steps_per_second": 0.075,
    "total_flos": 670406969057280.0,
    "train_loss": 0.030252482726743742,
    "epoch": 2.0
  },
  "validation": {
    "eval_loss": 0.12299881130456924,
    "eval_accuracy": 0.9718826405867971,
    "eval_precision": 0.9903713892709766,
    "eval_recall": 0.9782608695652174,
    "eval_f1": 0.9842788790157211,
    "eval_macro_precision": 0.9072736067234004,
    "eval_macro_recall": 0.9464475079533404,
    "eval_macro_f1": 0.9256654510685542,
    "eval_runtime": 19.1464,
    "eval_samples_per_second": 42.724,
    "eval_steps_per_second": 2.716,
    "epoch": 2.0
  },
  "test": {
    "test_loss": 0.15959018468856812,
    "test_accuracy": 0.9661654135338346,
    "test_precision": 0.9845505617977528,
    "test_recall": 0.9776847977684798,
    "test_f1": 0.9811056682995102,
    "test_macro_precision": 0.899252025084923,
    "test_macro_recall": 0.9209411643163387,
    "test_macro_f1": 0.9097145107964617,
    "test_runtime": 18.7068,
    "test_samples_per_second": 42.658,
    "test_steps_per_second": 2.673,
    "epoch": 2.0
  }
}