{
  "config": {
    "train_file": "data/processed/review_value_train.csv",
    "validation_file": "data/processed/review_value_validation.csv",
    "test_file": "data/processed/review_value_test.csv",
    "text_column": "clean_review_text",
    "label_column": "review_value_label",
    "max_features": 10000,
    "min_df": 1,
    "ngram_range": [
      1,
      2
    ],
    "max_iter": 200,
    "solver": "liblinear",
    "c_value": 0.5,
    "class_weight": "balanced",
    "decision_threshold": 0.6
  },
  "train": {
    "size": 3200
  },
  "validation": {
    "size": 400,
    "accuracy": 0.8575,
    "decision_threshold": 0.6,
    "classification_report": {
      "0": {
        "precision": 0.8898305084745762,
        "recall": 0.9459459459459459,
        "f1-score": 0.9170305676855895,
        "support": 333.0
      },
      "1": {
        "precision": 0.6086956521739131,
        "recall": 0.417910447761194,
        "f1-score": 0.49557522123893805,
        "support": 67.0
      },
      "accuracy": 0.8575,
      "macro avg": {
        "precision": 0.7492630803242446,
        "recall": 0.68192819685357,
        "f1-score": 0.7063028944622638,
        "support": 400.0
      },
      "weighted avg": {
        "precision": 0.8427404200442151,
        "recall": 0.8575,
        "f1-score": 0.8464367971557754,
        "support": 400.0
      }
    }
  },
  "test": {
    "size": 400,
    "accuracy": 0.84,
    "decision_threshold": 0.6,
    "classification_report": {
      "0": {
        "precision": 0.9020172910662824,
        "recall": 0.9125364431486881,
        "f1-score": 0.9072463768115943,
        "support": 343.0
      },
      "1": {
        "precision": 0.4339622641509434,
        "recall": 0.40350877192982454,
        "f1-score": 0.41818181818181815,
        "support": 57.0
      },
      "accuracy": 0.84,
      "macro avg": {
        "precision": 0.6679897776086129,
        "recall": 0.6580226075392563,
        "f1-score": 0.6627140974967062,
        "support": 400.0
      },
      "weighted avg": {
        "precision": 0.8353194497308466,
        "recall": 0.84,
        "f1-score": 0.8375546772068512,
        "support": 400.0
      }
    }
  }
}