{
  "config": {
    "train_file": "data/processed/review_value_train.csv",
    "validation_file": "data/processed/review_value_validation.csv",
    "test_file": "data/processed/review_value_test.csv",
    "text_column": "clean_review_text",
    "label_column": "review_value_label",
    "max_features": 10000,
    "min_df": 1,
    "ngram_range": [
      1,
      2
    ],
    "max_iter": 200,
    "solver": "liblinear",
    "c_value": 0.5,
    "class_weight": "balanced",
    "decision_threshold": 0.6
  },
  "train": {
    "size": 8000
  },
  "validation": {
    "size": 1000,
    "accuracy": 0.817,
    "decision_threshold": 0.6,
    "classification_report": {
      "0": {
        "precision": 0.8903002309468823,
        "recall": 0.8975552968568102,
        "f1-score": 0.8939130434782608,
        "support": 859.0
      },
      "1": {
        "precision": 0.34328358208955223,
        "recall": 0.3262411347517731,
        "f1-score": 0.33454545454545453,
        "support": 141.0
      },
      "accuracy": 0.817,
      "macro avg": {
        "precision": 0.6167919065182172,
        "recall": 0.6118982158042916,
        "f1-score": 0.6142292490118577,
        "support": 1000.0
      },
      "weighted avg": {
        "precision": 0.8131708834579987,
        "recall": 0.817,
        "f1-score": 0.8150422134387351,
        "support": 1000.0
      }
    }
  },
  "test": {
    "size": 1000,
    "accuracy": 0.795,
    "decision_threshold": 0.6,
    "classification_report": {
      "0": {
        "precision": 0.8816705336426914,
        "recall": 0.880648899188876,
        "f1-score": 0.881159420289855,
        "support": 863.0
      },
      "1": {
        "precision": 0.2536231884057971,
        "recall": 0.25547445255474455,
        "f1-score": 0.2545454545454545,
        "support": 137.0
      },
      "accuracy": 0.795,
      "macro avg": {
        "precision": 0.5676468610242442,
        "recall": 0.5680616758718102,
        "f1-score": 0.5678524374176548,
        "support": 1000.0
      },
      "weighted avg": {
        "precision": 0.795628047345237,
        "recall": 0.795,
        "f1-score": 0.7953133069828722,
        "support": 1000.0
      }
    }
  }
}